<?xml version="1.0" encoding="UTF-8"?>
<project-private xmlns="http://www.netbeans.org/ns/project-private/1">
    <editor-bookmarks xmlns="http://www.netbeans.org/ns/editor-bookmarks/2" lastBookmarkId="0"/>
    <open-files xmlns="http://www.netbeans.org/ns/projectui-open-files/2">
        <group>
            <file>file:/C:/Users/User/Dropbox/My%20PC%20(LAPTOP-AG4EF8MI)/Documents/NetBeansProjects/RedConnect1/web/increase.jsp</file>
            <file>file:/C:/Users/User/Dropbox/My%20PC%20(LAPTOP-AG4EF8MI)/Documents/NetBeansProjects/RedConnect1/web/print-stock-details.jsp</file>
            <file>file:/C:/Users/User/Dropbox/My%20PC%20(LAPTOP-AG4EF8MI)/Documents/NetBeansProjects/RedConnect1/src/java/com/redconnect1/dao/DonorDAO.java</file>
            <file>file:/C:/Users/User/Dropbox/My%20PC%20(LAPTOP-AG4EF8MI)/Documents/NetBeansProjects/RedConnect1/src/java/com/redconnect1/controller/DonorServlet.java</file>
            <file>file:/C:/Users/User/Dropbox/My%20PC%20(LAPTOP-AG4EF8MI)/Documents/NetBeansProjects/RedConnect1/web/logout.jsp</file>
            <file>file:/C:/Users/User/Dropbox/My%20PC%20(LAPTOP-AG4EF8MI)/Documents/NetBeansProjects/RedConnect1/src/java/com/redconnect1/controller/StockServlet.java</file>
            <file>file:/C:/Users/User/Dropbox/My%20PC%20(LAPTOP-AG4EF8MI)/Documents/NetBeansProjects/RedConnect1/src/java/com/redconnect1/dao/UserDAO.java</file>
            <file>file:/C:/Users/User/Dropbox/My%20PC%20(LAPTOP-AG4EF8MI)/Documents/NetBeansProjects/RedConnect1/web/login.jsp</file>
        </group>
    </open-files>
</project-private>
